43,67,50
43,65,53
43,62,55
43,30,44
43,39,63
43,49,72
43,75,98
43,68,98
43,74,104
43,73,106
43,29,43
43,28,47
43,26,50
43,50,72
43,61,95
43,72,103
43,72,50
43,67,51
43,65,54
43,59,54
43,29,44
43,40,64
43,47,72
43,71,97
43,71,100
43,73,104
43,28,48
43,48,72
43,43,85
43,62,96
43,69,50
43,66,51
43,29,45
43,29,50
43,68,96
43,71,101
43,72,104
43,31,43
43,29,47
43,49,71
43,47,86
43,60,95
43,73,103
43,74,106
43,68,50
43,31,44
43,28,51
43,45,85
43,74,107
43,68,49
43,66,52
43,32,43
43,29,46
43,27,50
43,50,71
43,63,95
43,74,105
43,70,49
43,63,53
43,58,54
43,30,46
43,28,49
43,71,104
43,72,107
43,69,49
43,53,72
43,70,107
43,71,49
43,19,27
43,26,51
43,47,71
43,40,83
43,30,43
43,29,48
43,27,51
43,42,84
43,70,102
43,32,44
43,17,25
43,52,61
43,25,50
43,71,106
43,67,49
43,71,102
43,71,105
43,54,62
43,60,94
43,49,62
43,49,70
43,72,101
43,72,108
43,71,50
43,64,53
43,4,17
43,31,45
43,52,62
43,41,64
43,73,98
43,59,95
43,72,106
42,71,48
42,67,50
42,65,53
42,31,44
42,53,61
42,29,51
42,48,71
42,61,95
42,71,102
42,71,105
42,73,49
42,67,49
42,65,52
42,54,61
42,48,62
42,49,70
42,62,95
42,72,102
42,72,108
42,0,128
42,68,48
42,66,51
42,59,55
42,30,46
42,51,63
42,25,52
42,50,70
42,72,104
42,71,107
42,60,56
42,31,46
42,51,62
42,71,104
42,26,53
42,66,96
42,53,94
42,72,107
42,69,49
42,66,50
42,30,45
42,52,62
42,27,52
42,49,69
42,70,97
42,71,106
42,72,50
42,12,22
42,31,45
42,53,62
42,41,64
42,59,95
42,69,48
42,53,63
42,26,52
42,40,64
42,71,97
42,74,104
42,23,29
42,32,45
42,54,62
42,41,63
42,70,102
42,72,109
42,67,48
42,55,61
42,52,63
42,43,66
42,55,94
42,73,50
42,49,63
42,53,95
42,50,63
42,40,66
42,64,95
42,54,95
42,65,51
42,61,56
42,28,53
42,55,95
42,66,49
42,27,53
42,42,66
42,69,97
42,57,95
42,65,50
42,56,61
42,68,99
42,64,52
42,67,97
42,69,104
42,71,108
42,73,48
42,41,66
42,70,107
42,42,140
42,68,97
42,73,102
42,66,53
42,66,97
42,70,108
42,72,49
42,26,31
42,44,65
42,62,96
42,53,96
42,68,47
42,57,61
42,63,97
42,52,96
42,73,106
42,71,109
42,56,60
42,42,65
42,73,107
42,71,49
42,65,49
42,43,65
42,59,62
42,42,64
42,70,109
42,72,47
42,67,47
42,67,99
42,3,128
42,66,98
42,51,96
42,58,55
42,65,96
42,66,100
42,73,47
42,58,56
42,64,96
41,72,46
41,66,46
41,4,17
41,57,61
41,53,63
41,29,53
41,42,65
41,57,94
41,52,96
41,70,109
41,69,47
41,57,55
41,54,62
41,28,52
41,45,65
41,67,101
41,72,109
41,67,46
41,12,22
41,27,52
41,58,95
41,51,96
41,74,50
41,58,56
41,50,63
41,65,96
41,66,100
41,30,52
41,43,65
41,55,61
41,52,63
41,26,53
41,41,66
41,70,101
41,64,102
41,0,128
41,33,35
41,28,51
41,64,96
41,60,57
41,55,62
41,67,97
41,69,101
41,42,140
41,4,16
41,54,63
41,29,52
41,42,64
41,63,96
41,51,63
41,25,53
41,41,86
41,69,100
41,27,54
41,54,95
41,70,110
41,1,128
41,29,51
41,27,55
41,21,66
41,68,100
41,55,55
41,60,62
41,53,62
41,43,64
41,22,67
41,38,83
41,64,97
41,44,92
41,44,65
41,23,67
41,41,84
41,62,62
41,68,101
41,73,47
41,58,61
41,28,53
41,40,84
41,65,101
41,32,35
41,23,68
41,40,83
41,57,56
41,59,61
41,59,95
41,66,101
41,59,57
41,28,54
41,42,66
41,67,102
41,73,110
41,63,62
41,56,62
41,25,66
41,44,91
41,66,102
41,71,110
41,3,128
41,56,61
41,41,65
41,45,75
41,20,68
41,74,47
41,7,19
41,59,62
41,49,76
41,19,66
41,61,96
41,29,54
41,45,67
41,19,67
41,74,48
41,45,66
41,47,76
41,39,80
41,39,84
41,57,95
41,64,101
41,75,48
41,48,76
41,60,95
41,26,57
41,75,59
41,66,58
41,60,58
41,61,62
41,55,63
41,30,53
41,51,76
41,39,79
41,42,83
41,42,91
41,64,57
41,24,56
41,46,79
41,40,80
41,60,96
41,75,60
41,65,57
41,62,63
41,50,80
41,41,79
41,41,83
41,65,58
41,67,63
41,38,80
41,59,96
40,63,58
40,63,62
40,49,61
40,29,54
40,46,76
40,46,80
40,38,80
40,57,95
40,66,102
40,66,57
40,62,63
40,56,63
40,27,50
40,45,65
40,51,76
40,48,78
40,43,80
40,44,92
40,75,47
40,75,60
40,66,58
40,59,57
40,61,63
40,54,63
40,46,63
40,26,55
40,49,76
40,47,79
40,40,80
40,60,58
40,55,63
40,47,63
40,34,60
40,40,79
40,62,57
40,47,61
40,26,53
40,22,60
40,47,76
40,45,80
40,56,95
40,2,127
40,74,47
40,74,59
40,61,58
40,54,62
40,34,59
40,50,76
40,47,78
40,39,79
40,64,58
40,63,61
40,48,61
40,28,54
40,24,56
40,27,62
40,48,76
40,46,79
40,39,80
40,18,75
40,58,95
40,72,59
40,65,58
40,59,63
40,49,60
40,27,57
40,26,61
40,59,95
40,67,58
40,47,62
40,50,75
40,38,78
40,17,77
40,62,102
40,58,62
40,31,64
40,27,75
40,21,76
40,70,58
40,55,61
40,47,60
40,27,53
40,24,57
40,25,61
40,20,77
40,1,128
40,68,58
40,62,62
40,44,64
40,52,76
40,45,76
40,18,77
40,55,95
40,53,61
40,45,64
40,24,62
40,28,77
40,20,78
40,57,96
40,63,59
40,46,62
40,49,79
40,18,78
40,64,103
39,71,58
39,65,58
39,64,61
39,57,62
39,48,60
39,46,63
39,49,77
39,46,79
39,30,76
39,22,77
39,60,103
39,72,59
39,66,58
39,63,61
39,60,63
39,45,62
39,49,76
39,47,79
39,27,79
39,62,103
39,74,47
39,74,59
39,63,60
39,62,63
39,49,59
39,46,62
39,50,76
39,45,78
39,37,78
39,64,103
39,75,48
39,75,60
39,63,59
39,50,60
39,26,56
39,39,75
39,39,79
39,64,60
39,49,60
39,45,61
39,28,57
39,36,78
39,66,104
39,75,47
39,67,58
39,51,60
39,46,61
39,28,56
39,25,59
39,51,76
39,41,76
39,42,80
39,27,78
39,17,78
39,68,59
39,27,56
39,40,75
39,40,79
39,70,58
39,64,59
39,63,62
39,55,61
39,46,60
39,29,55
39,27,59
39,30,65
39,47,77
39,45,80
39,28,77
39,20,78
39,55,95
39,62,104
39,61,63
39,24,55
39,42,77
39,64,104
39,69,59
39,52,61
39,41,75
39,43,80
39,18,78
39,71,60
39,54,61
39,47,61
39,31,56
39,25,57
39,24,62
39,21,78
39,53,94
39,73,60
39,66,59
39,64,62
39,57,61
39,47,63
39,25,56
39,33,65
39,25,78
39,65,104
39,70,60
39,53,61
39,43,76
39,44,80
39,25,76
39,17,77
39,53,95
38,70,60
38,62,63
38,52,61
38,45,61
38,43,76
38,44,80
38,17,77
38,54,96
38,73,60
38,66,59
38,64,62
38,56,61
38,48,60
38,43,61
38,27,57
38,30,63
38,49,77
38,49,81
38,25,78
38,64,61
38,47,60
38,45,63
38,28,58
38,27,79
38,51,60
38,46,62
38,43,77
38,42,80
38,72,61
38,62,62
38,53,61
38,17,78
38,53,95
38,54,99
38,63,58
38,54,61
38,46,61
38,44,76
38,27,77
38,19,78
38,55,96
38,63,62
38,55,61
38,30,64
38,46,76
38,44,79
38,21,78
38,46,91
38,64,105
38,74,60
38,67,59
38,29,58
38,31,63
38,48,76
38,26,70
38,22,77
38,45,90
38,52,96
38,52,60
38,45,60
38,26,59
38,32,67
38,55,99
38,62,105
37,68,60
37,66,62
37,59,62
37,49,60
37,46,62
37,29,58
37,32,63
37,38,71
37,40,76
37,42,80
37,25,77
37,54,97
37,70,60
37,61,63
37,47,62
37,30,57
37,31,67
37,41,76
37,26,77
37,52,99
37,71,61
37,61,62
37,49,59
37,48,63
37,29,57
37,25,59
37,42,76
37,50,60
37,28,56
37,27,61
37,34,68
37,73,61
37,64,59
37,63,62
37,55,61
37,46,60
37,30,65
37,45,76
37,36,76
37,21,78
37,53,95
37,60,104
37,28,61
37,38,70
37,42,77
37,26,78
37,61,105
37,74,60
37,67,59
37,65,62
37,47,60
37,30,63
37,40,72
37,28,71
37,27,79
37,45,90
37,72,61
37,54,62
37,43,76
37,38,78
37,29,78
37,17,77
37,54,99
37,64,106
37,75,61
37,66,63
37,48,60
37,39,76
37,40,80
37,46,90
37,63,106
37,74,61
37,67,60
37,30,64
37,41,73
37,34,74
37,26,79
37,61,57
37,61,61
37,54,61
37,49,63
37,32,62
37,36,68
37,36,77
37,27,77
37,20,78
37,53,98
37,63,105
37,31,63
37,38,75
37,41,80
37,50,99
37,62,106
37,75,60
37,67,63
36,72,61
36,54,61
36,34,63
36,39,70
36,43,76
36,36,77
36,28,77
36,20,78
36,55,99
36,54,102
36,74,61
36,66,59
36,63,62
36,51,62
36,32,61
36,35,67
36,45,75
36,39,77
36,26,79
36,46,91
36,61,103
36,62,107
36,63,59
36,30,61
36,38,69
36,43,75
36,25,76
36,19,78
36,56,99
36,57,103
36,75,61
36,67,60
36,63,61
36,33,61
36,39,68
36,28,71
36,27,79
36,47,91
36,2,128
36,71,60
36,53,61
36,40,75
36,56,100
36,64,106
36,69,60
36,37,69
36,32,71
36,35,77
36,63,106
36,68,60
36,37,66
36,26,69
36,42,80
36,27,78
36,45,90
36,58,101
36,62,106
36,52,61
36,32,63
36,32,67
36,65,62
36,34,61
36,38,67
36,40,80
36,25,78
36,61,102
35,71,60
35,55,62
35,32,62
35,38,69
35,36,77
35,20,78
35,57,100
35,59,104
35,62,108
35,74,61
35,67,60
35,59,59
35,33,61
35,39,68
35,36,75
35,30,77
35,26,80
35,51,93
35,60,103
35,61,107
35,70,60
35,54,61
35,29,65
35,16,77
35,56,100
35,64,106
35,72,60
35,65,64
35,33,62
35,35,67
35,36,76
35,17,77
35,63,108
35,68,60
35,65,62
35,32,64
35,32,73
35,35,78
35,29,80
35,48,91
35,61,103
35,63,107
35,73,60
35,67,64
35,55,61
35,34,62
35,37,68
35,37,76
35,25,79
35,50,93
35,59,103
35,0,128
35,38,68
35,31,77
35,64,108
35,32,63
35,42,80
35,46,89
35,54,99
35,63,109
35,54,60
35,33,65
35,38,80
35,23,78
35,49,92
35,34,63
35,48,93
35,66,106
35,36,65
35,45,89
35,55,100
35,68,65
35,39,80
35,27,79
35,65,108
35,42,30
35,73,61
35,67,65
35,32,65
35,48,140
35,67,63
35,56,60
35,35,65
35,47,90
35,54,100
35,63,106
35,43,31
35,33,66
35,36,80
35,55,141
35,70,61
35,58,61
34,70,61
34,68,63
34,57,61
34,36,65
34,42,81
34,27,78
34,45,90
34,55,100
34,64,106
34,63,110
34,71,61
34,58,61
34,37,66
34,42,80
34,46,90
34,63,109
34,42,31
34,72,61
34,67,65
34,35,63
34,40,78
34,52,94
34,64,108
34,48,140
34,43,31
34,68,62
34,38,65
34,41,79
34,51,94
34,67,107
34,64,109
34,75,61
34,69,61
34,68,64
34,37,63
34,34,65
34,38,76
34,39,80
34,62,107
34,68,65
34,38,63
34,34,66
34,37,75
34,34,78
34,63,107
34,71,141
34,41,30
34,66,61
34,67,66
34,36,64
34,46,89
34,65,106
34,37,65
34,42,79
34,48,89
34,36,75
34,31,77
34,65,108
34,61,141
33,58,37
33,45,32
33,74,61
33,68,65
33,38,64
33,34,67
33,36,76
33,64,108
33,61,110
33,24,138
33,70,64
33,66,66
33,55,63
33,37,66
33,50,91
33,64,106
33,64,109
33,69,64
33,55,64
33,36,66
33,49,91
33,63,106
33,64,110
33,57,36
33,48,39
33,73,61
33,34,66
33,34,78
33,54,101
33,63,110
33,68,141
33,57,37
33,43,31
33,68,66
33,37,64
33,53,101
33,63,111
33,0,128
33,61,141
33,44,32
33,44,37
33,46,88
33,62,111
33,60,141
33,55,37
33,43,33
33,4,16
33,71,65
33,67,66
33,56,64
33,36,65
33,34,77
33,57,35
33,44,36
33,69,65
33,53,63
33,36,67
33,37,75
33,38,80
33,2,128
33,42,32
33,42,37
33,21,28
33,67,67
33,35,77
33,48,91
33,61,106
33,37,65
33,35,76
33,46,89
33,51,94
33,65,106
33,65,109
33,61,111
33,14,138
33,44,31
33,51,63
33,40,65
33,35,67
33,37,80
33,43,140
33,69,66
33,52,94
33,34,139
32,57,37
32,43,31
32,45,37
32,69,66
32,38,64
32,34,67
32,35,76
32,33,79
32,46,88
32,54,95
32,52,101
32,63,111
32,41,139
32,58,36
32,42,33
32,70,65
32,66,67
32,55,64
32,36,66
32,40,81
32,57,102
32,64,111
32,56,36
32,44,37
32,38,65
32,51,94
32,27,139
32,64,66
32,54,64
32,48,68
32,39,80
32,57,101
32,65,111
32,56,38
32,42,32
32,44,38
32,67,67
32,56,64
32,37,66
32,44,73
32,39,66
32,44,72
32,37,77
32,48,89
32,29,139
32,55,37
32,4,16
32,68,67
32,43,73
32,53,37
32,39,36
32,71,66
32,50,69
32,37,67
32,35,78
32,56,101
32,57,38
32,43,32
32,45,73
32,35,77
32,45,89
32,62,111
32,42,30
32,51,63
32,47,69
32,45,72
32,47,88
32,53,101
32,43,30
32,41,33
32,39,37
32,70,66
32,68,68
32,53,64
32,48,69
32,38,68
32,48,88
32,55,101
32,64,110
32,50,35
32,42,34
32,67,68
32,40,69
32,49,88
32,75,142
32,19,26
32,69,67
32,43,68
32,37,78
32,61,111
31,57,37
31,48,35
31,45,37
31,70,66
31,52,64
31,47,70
31,45,72
31,47,88
31,52,101
31,56,38
31,42,32
31,44,38
31,20,27
31,69,68
31,45,70
31,44,74
31,38,78
31,59,101
31,61,111
31,57,38
31,33,35
31,69,67
31,46,70
31,45,73
31,35,77
31,61,112
31,44,39
31,32,35
31,57,64
31,47,71
31,43,73
31,38,79
31,57,101
31,58,37
31,53,37
31,41,33
31,41,38
31,57,58
31,66,68
31,53,64
31,48,69
31,46,72
31,46,88
31,54,101
31,47,140
31,53,38
31,44,36
31,40,38
31,54,64
31,56,36
31,52,38
31,45,38
31,70,67
31,50,63
31,45,88
31,9,20
31,55,55
31,44,73
31,58,101
31,62,112
31,37,37
31,71,68
31,67,69
31,48,70
31,40,140
31,49,36
31,70,68
31,50,64
31,50,2
31,55,38
31,42,38
31,59,59
31,68,68
31,55,64
31,51,70
31,37,79
31,56,102
31,58,36
31,55,39
31,58,58
31,67,68
31,49,70
31,47,1
31,51,37
31,55,54
31,53,65
31,53,2
31,44,0
31,56,37
31,51,38
31,56,54
31,51,64
31,48,71
31,64,112
31,47,2
31,51,16
31,66,69
31,46,73
31,33,80
31,54,4
31,48,16
31,41,31
31,53,54
31,49,68
31,45,74
31,46,86
31,57,100
31,54,2
31,49,3
31,53,39
31,43,36
31,39,38
31,55,57
31,47,73
31,37,80
31,44,87
31,55,102
31,54,1
31,45,140
31,46,0
31,44,37
31,37,81
31,30,139
31,46,1
31,43,37
31,57,55
31,58,100
31,24,139
31,55,2
31,41,34
31,44,41
31,56,58
31,68,69
31,55,65
31,38,81
31,54,102
31,37,139
31,31,34
31,54,53
31,49,67
31,47,86
31,49,50
31,48,86
30,58,37
30,52,38
30,40,33
30,57,54
30,56,58
30,68,69
30,53,65
30,52,68
30,49,70
30,47,73
30,54,102
30,34,139
30,56,37
30,40,31
30,40,36
30,16,24
30,48,71
30,46,74
30,40,79
30,47,86
30,56,1
30,50,18
30,54,37
30,40,32
30,44,39
30,47,72
30,45,74
30,38,79
30,45,86
30,54,100
30,49,18
30,41,32
30,43,39
30,70,70
30,57,65
30,52,71
30,43,74
30,43,86
30,57,101
30,45,0
30,57,37
30,39,33
30,54,53
30,67,69
30,46,73
30,48,86
30,58,36
30,55,38
30,39,37
30,58,58
30,55,65
30,51,67
30,50,70
30,41,74
30,36,84
30,56,102
30,2,128
30,75,142
30,54,38
30,69,69
30,52,67
30,38,84
30,57,102
30,56,38
30,48,72
30,59,2
30,51,38
30,40,34
30,67,70
30,49,71
30,58,1
30,57,38
30,42,32
30,32,35
30,66,69
30,46,86
30,59,1
30,56,36
30,58,51
30,45,73
30,41,79
30,33,84
30,46,41
30,51,66
30,53,71
30,44,74
30,43,2
30,49,19
30,59,51
30,56,53
30,57,58
30,60,64
30,51,63
30,50,71
30,48,85
30,38,85
30,57,0
30,39,34
30,57,51
30,35,85
30,57,63
30,55,66
30,42,79
30,46,85
30,35,84
30,53,52
30,55,57
30,55,102
30,58,59
30,61,64
30,58,52
30,58,64
30,55,67
30,42,80
29,55,37
29,60,50
29,52,54
29,47,72
29,43,74
29,49,84
29,56,101
29,60,2
29,58,37
29,53,38
29,46,38
29,59,51
29,53,52
29,56,58
29,60,64
29,54,65
29,50,71
29,47,73
29,47,85
29,36,84
29,55,102
29,59,1
29,57,37
29,52,38
29,45,38
29,58,51
29,55,58
29,60,65
29,54,66
29,46,73
29,41,79
29,46,85
29,35,84
29,56,37
29,51,38
29,46,39
29,58,52
29,58,64
29,55,66
29,48,70
29,42,83
29,34,84
29,56,36
29,51,37
29,44,37
29,59,52
29,59,64
29,54,102
29,38,20
29,47,40
29,54,58
29,59,65
29,53,65
29,42,79
29,45,84
29,36,85
29,52,101
29,61,2
29,40,0
29,47,38
29,54,52
29,54,56
29,61,64
29,43,75
29,48,85
29,38,84
29,56,102
29,1,127
29,74,142
29,62,51
29,52,53
29,55,67
29,45,74
29,57,101
29,53,39
29,51,71
29,37,85
29,60,0
29,50,39
29,57,52
29,55,68
29,49,73
29,44,74
29,57,102
29,47,36
29,53,54
29,56,68
29,52,37
29,52,64
29,50,67
29,53,72
29,40,74
29,43,79
29,61,0
29,54,37
29,61,50
29,48,83
28,55,37
28,49,37
28,64,52
28,58,52
28,53,54
28,56,68
28,44,74
28,49,83
28,32,84
28,62,0
28,48,36
28,64,53
28,52,53
28,48,83
28,53,38
28,47,38
28,59,51
28,55,52
28,55,57
28,61,65
28,53,64
28,52,67
28,41,74
28,43,79
28,42,82
28,39,85
28,56,102
28,63,1
28,55,36
28,55,67
28,45,74
28,34,85
28,52,37
28,46,38
28,60,52
28,54,52
28,56,58
28,50,62
28,52,68
28,37,72
28,42,79
28,37,84
28,65,2
28,57,37
28,51,38
28,45,38
28,54,53
28,54,57
28,59,65
28,50,71
28,48,74
28,48,82
28,36,85
28,64,0
28,56,36
28,52,38
28,59,52
28,60,65
28,51,67
28,51,72
28,45,81
28,37,85
28,51,37
28,55,53
28,51,68
28,46,81
28,56,37
28,46,39
28,54,58
28,58,64
28,49,71
28,35,85
28,53,56
28,53,68
28,44,79
28,33,83
28,63,0
28,44,38
28,53,57
28,56,67
28,48,71
28,57,59
28,51,71
28,49,82
28,36,84
28,52,101
28,62,1
28,54,36
28,55,54
28,57,64
28,54,37
28,54,51
28,52,54
28,53,63
28,54,67
28,44,82
28,32,85
28,58,101
27,64,0
27,54,37
27,62,52
27,52,54
27,51,62
27,55,68
27,57,102
27,62,1
27,55,37
27,44,39
27,57,52
27,54,54
27,56,64
27,55,67
27,47,83
27,34,85
27,60,102
27,44,78
27,56,36
27,51,37
27,44,37
27,60,53
27,56,58
27,60,65
27,50,67
27,48,71
27,48,82
27,36,85
27,50,18
27,53,37
27,51,54
27,47,80
27,2,128
27,75,142
27,56,68
27,46,79
27,63,0
27,57,37
27,50,37
27,59,53
27,55,58
27,60,66
27,37,85
27,65,1
27,46,38
27,60,52
27,61,65
27,53,68
27,50,82
27,55,102
27,73,142
27,51,38
27,46,39
27,54,58
27,57,68
27,47,82
27,52,37
27,61,52
27,49,81
27,64,1
27,58,60
27,51,68
27,56,69
27,19,71
27,56,101
27,45,39
27,35,85
27,61,102
27,47,38
27,63,66
27,49,82
27,52,19
27,43,38
27,56,52
27,57,64
27,50,80
27,20,71
27,57,101
27,58,59
27,61,66
27,51,67
27,52,72
27,47,81
27,67,52
27,62,65
27,50,71
27,48,81
26,56,39
26,69,53
26,63,53
26,56,69
26,49,81
26,19,71
26,57,101
26,65,1
26,34,1
26,52,37
26,67,52
26,61,52
26,60,64
26,53,68
26,52,71
26,46,81
26,36,2
26,53,37
26,62,53
26,55,101
26,2,128
26,64,0
26,55,61
26,55,69
26,48,81
26,1,128
26,70,53
26,56,68
26,49,80
26,20,71
26,34,85
26,66,1
26,35,2
26,61,53
26,54,61
26,47,81
26,55,102
26,74,142
26,67,53
26,60,53
26,58,60
26,61,66
26,18,69
26,33,83
26,36,1
26,54,60
26,44,79
26,59,14
26,58,52
26,54,59
26,57,64
26,57,68
26,50,80
26,21,72
26,35,86
25,35,1
25,68,52
25,61,64
25,56,69
25,46,80
25,19,72
25,55,101
25,2,127
25,66,53
25,60,53
25,57,59
25,61,65
25,59,68
25,51,80
25,58,14
25,57,52
25,55,59
25,58,69
25,50,80
25,21,71
25,35,85
25,58,101
25,57,14
25,35,0
25,70,54
25,68,68
25,49,80
25,21,72
25,33,85
25,56,101
25,36,1
25,57,70
25,48,80
25,22,73
25,34,86
25,56,14
25,67,52
25,67,68
25,55,69
25,57,15
25,18,72
25,0,127
25,72,142
25,70,53
25,57,69
25,20,72
25,74,142
25,69,68
25,54,101
25,2,128
25,69,30
25,68,53
25,68,69
25,53,79
25,17,71
25,70,69
25,59,70
25,47,79
25,34,85
25,68,31
25,51,54
25,51,79
25,68,30
25,47,53
25,50,79
24,56,14
24,68,30
24,70,70
24,56,69
24,51,78
24,17,72
24,59,16
24,51,79
24,18,72
24,63,20
24,70,69
24,20,73
24,66,30
24,74,70
24,59,69
24,49,79
24,35,85
24,58,101
24,67,31
24,71,53
24,48,54
24,68,70
24,60,69
24,73,53
24,51,54
24,49,78
24,59,15
24,70,30
24,73,70
24,33,59
24,33,84
24,57,101
24,67,30
24,49,54
24,71,71
24,50,78
24,61,18
24,69,30
24,73,52
24,72,71
24,29,59
24,22,73
24,34,86
23,73,70
23,58,69
23,31,58
23,51,77
23,27,74
23,33,85
23,55,101
23,69,29
23,74,70
23,59,69
23,33,59
23,55,100
23,59,15
23,69,30
23,30,58
23,53,78
23,26,74
23,56,100
23,70,29
23,66,30
23,69,71
23,28,51
23,34,84
23,57,100
23,73,71
23,31,59
23,51,78
23,21,72
23,67,0
23,59,70
23,52,77
23,21,71
23,34,85
23,62,19
23,74,53
23,73,72
23,25,62
23,49,78
23,19,72
23,37,96
23,30,53
23,69,31
23,26,58
23,50,78
23,21,73
23,71,142
23,75,71
23,70,72
23,29,52
23,27,55
23,51,76
23,35,85
23,74,71
23,29,53
23,20,71
23,66,0
23,60,16
23,58,65
23,60,70
23,23,73
23,68,30
23,72,72
23,32,57
23,19,73
22,65,30
22,74,71
22,62,67
22,29,53
22,31,58
22,50,77
22,24,73
22,34,85
22,61,19
22,68,31
22,62,30
22,72,72
22,32,57
22,56,100
22,67,0
22,60,16
22,74,52
22,60,67
22,56,69
22,31,59
22,49,76
22,23,73
22,35,86
22,62,20
22,67,30
22,63,31
22,73,52
22,29,60
22,19,73
22,58,100
22,74,72
22,30,54
22,49,77
22,58,66
22,31,56
22,30,60
22,22,74
22,61,30
22,73,53
22,71,71
22,52,76
22,61,67
22,48,76
22,62,86
22,22,72
22,67,1
22,75,71
22,62,68
22,56,68
22,30,58
22,61,86
22,53,52
22,72,71
22,60,68
22,34,58
22,60,87
22,20,73
22,67,70
22,58,68
22,50,76
22,36,85
22,50,33
22,66,69
22,58,69
22,36,97
22,64,22
22,55,53
22,53,68
22,51,75
22,61,87
21,73,72
21,61,68
21,55,69
21,30,59
21,61,86
21,23,73
21,73,71
21,56,69
21,61,87
21,57,92
21,68,0
21,59,28
21,54,35
21,55,53
21,68,70
21,59,68
21,32,57
21,50,75
21,60,87
21,74,71
21,62,68
21,55,68
21,31,59
21,62,93
21,35,97
21,54,51
21,52,75
21,62,87
21,58,92
21,55,34
21,54,68
21,30,60
21,24,74
21,54,34
21,53,52
21,71,71
21,60,68
21,51,75
21,22,74
21,55,52
21,26,75
21,4,128
21,73,54
21,66,69
21,57,68
21,30,57
21,51,76
21,60,88
20,73,54
20,66,69
20,58,68
20,30,57
20,60,88
20,55,35
20,55,53
20,69,70
20,60,68
20,30,56
20,28,59
20,51,75
20,60,87
20,72,71
20,30,60
20,62,87
20,60,93
20,71,53
20,75,71
20,62,67
20,57,68
20,29,57
20,28,65
20,59,88
20,55,52
20,61,68
20,31,59
20,51,74
20,59,92
20,70,52
20,36,38
20,74,71
20,60,66
20,57,69
20,54,74
20,27,65
20,75,52
20,70,53
20,58,69
20,28,66
20,69,1
20,74,54
20,64,68
20,59,69
20,29,65
20,41,0
20,64,54
20,70,70
20,27,54
20,50,74
20,62,88
20,59,93
20,71,70
20,62,69
20,29,54
20,58,93
20,37,39
20,59,66
20,29,58
20,51,73
20,26,65
20,38,98
20,54,34
20,20,14
20,62,54
20,61,65
20,58,67
20,31,65
20,61,88
20,65,54
20,34,57
20,57,88
20,74,142
19,40,0
19,64,54
19,72,71
19,63,69
19,30,59
19,50,74
19,57,88
19,61,93
19,35,98
19,69,52
19,66,54
19,35,38
19,74,71
19,58,69
19,29,58
19,51,73
19,23,64
19,59,89
19,36,98
19,18,15
19,38,39
19,26,65
19,60,88
19,36,97
19,47,37
19,66,55
19,54,55
19,73,71
19,50,73
19,26,66
19,49,35
19,63,54
19,56,54
19,45,56
19,61,69
19,30,56
19,28,60
19,62,88
19,59,94
19,44,37
19,62,54
19,56,55
19,56,59
19,44,56
19,57,68
19,27,56
19,52,73
19,29,65
19,35,100
19,40,41
19,56,56
19,53,58
19,43,56
19,30,58
19,28,66
19,37,98
19,33,100
19,61,54
19,57,55
19,56,67
19,29,57
19,61,88
19,34,100
19,43,37
19,30,57
18,48,36
18,44,38
18,62,54
18,57,55
18,57,59
18,45,57
18,29,56
18,52,73
18,29,65
18,62,88
18,34,100
18,54,41
18,65,54
18,35,38
18,55,56
18,49,56
18,31,59
18,47,71
18,23,64
18,59,89
18,37,98
18,48,35
18,45,38
18,63,55
18,45,56
18,30,56
18,52,72
18,32,66
18,60,87
18,35,100
18,57,44
18,66,54
18,56,56
18,30,58
18,25,65
18,60,89
18,32,100
18,49,35
18,45,37
18,63,54
18,58,55
18,46,56
18,58,67
18,53,72
18,57,89
18,59,93
18,44,91
18,35,99
18,50,36
18,44,37
18,58,68
18,26,55
18,32,67
18,58,93
18,36,100
18,63,29
18,43,37
18,37,38
18,56,55
18,55,59
18,44,56
18,56,68
18,29,57
18,51,72
18,28,65
18,37,97
18,58,44
18,42,37
18,38,39
18,51,57
18,44,57
18,28,66
18,34,101
18,59,67
18,30,65
18,58,89
18,59,94
18,55,43
18,34,38
18,49,57
18,54,72
18,28,62
18,22,73
18,35,98
18,1,128
18,72,142
18,54,58
18,57,68
18,28,70
18,28,74
18,39,98
18,43,38
18,55,58
18,28,56
18,29,66
18,23,67
18,26,73
18,38,98
18,36,101
18,62,29
18,54,42
18,36,39
18,53,71
18,27,62
18,27,74
18,36,98
18,71,119
18,56,26
18,46,57
18,61,69
18,51,71
18,31,65
18,29,69
18,58,90
18,60,94
18,62,28
18,56,42
18,52,58
18,57,69
18,26,56
18,29,62
18,25,73
18,54,56
18,50,57
18,42,57
18,24,61
18,24,65
18,57,88
18,73,142
18,38,38
18,59,69
18,30,62
18,25,68
18,56,90
18,68,101
18,40,99
18,50,18
18,37,39
18,55,55
18,43,57
18,55,68
18,42,89
18,61,28
18,46,37
18,64,54
18,62,65
18,52,71
18,55,88
18,43,90
18,49,96
18,52,19
18,55,42
18,40,36
18,54,71
18,44,89
18,67,101
18,35,101
18,53,17
18,50,35
18,64,95
18,0,127
18,69,142
18,46,38
18,56,54
18,16,33
18,61,65
18,62,95
18,50,97
18,49,36
18,58,60
18,61,66
18,57,90
18,52,37
18,43,36
18,30,61
18,59,90
18,61,95
18,44,92
18,63,53
18,52,55
18,43,59
18,25,62
18,40,35
18,60,66
18,53,70
18,26,69
18,55,90
18,68,102
18,50,98
18,41,102
18,29,60
18,60,90
18,61,94
18,43,91
17,47,37
17,65,54
17,53,55
17,62,65
17,45,59
17,51,70
17,29,63
17,24,65
17,21,72
17,42,89
17,49,99
17,36,99
17,35,102
17,70,142
17,38,35
17,37,39
17,54,55
17,63,65
17,58,66
17,57,69
17,52,70
17,29,62
17,26,65
17,25,69
17,43,89
17,67,102
17,69,105
17,37,98
17,40,103
17,35,38
17,61,67
17,55,68
17,30,63
17,26,66
17,23,73
17,67,101
17,38,102
17,57,42
17,53,44
17,36,36
17,56,54
17,56,59
17,61,66
17,53,69
17,27,60
17,27,69
17,57,90
17,61,95
17,44,92
17,70,108
17,45,36
17,52,55
17,42,58
17,31,60
17,27,63
17,24,74
17,63,95
17,41,90
17,70,107
17,35,103
17,58,141
17,38,36
17,43,58
17,32,61
17,41,89
17,1,127
17,65,142
17,55,41
17,35,37
17,55,54
17,55,58
17,28,69
17,45,92
17,54,44
17,17,24
17,57,59
17,55,62
17,26,59
17,58,90
17,46,92
17,69,107
17,56,45
17,18,23
17,50,58
17,56,70
17,26,58
17,27,72
17,40,89
17,69,106
17,37,103
17,1,128
17,66,142
16,49,0
16,52,8
16,39,35
16,55,55
16,64,64
16,61,67
16,51,69
16,29,62
16,26,65
16,26,69
16,55,90
16,43,89
16,68,102
16,69,105
16,70,109
16,21,97
16,51,11
16,54,45
16,37,37
16,55,54
16,56,59
16,48,58
16,53,69
16,30,70
16,57,90
16,60,94
16,45,92
16,70,105
16,69,107
16,56,45
16,19,23
16,52,55
16,49,58
16,57,70
16,30,65
16,26,71
16,58,90
16,63,95
16,45,91
16,51,7
16,38,34
16,30,34
16,54,54
16,64,65
16,32,63
16,28,66
16,58,88
16,56,90
16,45,89
16,67,101
16,70,108
16,22,97
16,50,11
16,42,37
16,35,37
16,53,57
16,47,58
16,54,70
16,29,66
16,27,69
16,60,88
16,59,95
16,69,108
16,27,98
16,51,10
16,55,44
16,43,40
16,57,54
16,59,67
16,58,71
16,27,63
16,29,73
16,64,98
16,66,102
16,69,106
16,36,102
16,3,128
16,50,10
16,42,40
16,56,54
16,23,61
16,26,72
16,59,90
16,64,95
16,46,92
16,36,103
16,51,9
16,44,40
16,53,55
16,50,58
16,61,69
16,59,71
16,57,88
16,67,99
16,68,106
16,35,102
16,49,2
16,56,44
16,28,63
16,29,72
16,57,89
16,44,90
16,63,141
16,50,4
16,51,43
16,56,58
16,58,72
16,31,66
16,68,104
16,50,3
16,50,8
16,56,39
16,45,41
16,62,69
16,42,90
16,63,142
16,50,6
16,58,44
16,47,41
16,32,36
16,60,66
16,53,66
16,30,67
16,68,105
16,25,98
16,56,40
16,55,45
16,43,41
16,35,45
16,60,68
16,59,72
16,26,63
16,43,91
16,67,103
16,60,141
16,47,40
16,54,58
16,61,66
16,56,67
16,56,71
16,25,64
16,28,69
16,60,95
16,66,100
16,67,104
16,68,107
15,47,0
15,51,9
15,46,41
15,52,54
15,63,69
15,58,70
15,27,62
15,24,65
15,59,89
15,47,91
15,67,102
15,68,105
15,70,109
15,24,98
15,47,41
15,53,55
15,59,70
15,28,62
15,26,66
15,22,68
15,45,90
15,69,109
15,23,98
15,71,142
15,50,6
15,63,43
15,33,36
15,54,54
15,53,58
15,64,69
15,57,68
15,47,71
15,24,64
15,25,69
15,23,72
15,55,90
15,66,101
15,69,108
15,52,11
15,56,40
15,46,42
15,57,54
15,62,69
15,58,71
15,29,64
15,26,67
15,25,71
15,57,89
15,42,90
15,67,103
15,66,106
15,35,103
15,44,140
15,40,41
15,53,54
15,31,46
15,56,69
15,25,61
15,26,70
15,25,99
15,68,141
15,52,8
15,41,41
15,60,70
15,55,71
15,46,71
15,26,65
15,24,72
15,54,90
15,67,104
15,47,40
15,42,41
15,55,54
15,56,58
15,64,67
15,62,70
15,58,72
15,27,64
15,26,68
15,25,72
15,56,89
15,61,95
15,66,100
15,68,107
15,48,39
15,45,42
15,55,53
15,34,44
15,61,69
15,60,72
15,31,65
15,63,95
15,44,91
15,67,106
15,36,103
15,58,141
15,43,42
15,52,57
15,65,69
15,61,70
15,56,72
15,28,66
15,25,68
15,42,43
15,34,47
15,62,68
15,58,69
15,24,73
15,67,105
15,54,57
15,59,72
15,48,70
15,22,70
15,55,88
15,66,99
15,37,103
15,35,40
15,30,46
15,59,71
15,50,70
15,45,91
15,66,102
15,55,141
15,55,57
15,31,47
15,51,71
15,46,92
15,66,103
15,38,104
15,53,141
14,51,24
14,47,41
14,42,43
14,54,54
14,49,60
14,59,70
14,47,71
14,49,77
14,24,73
14,53,89
14,56,94
14,66,101
14,67,105
14,68,108
14,24,98
14,58,41
14,47,42
14,41,43
14,37,45
14,52,58
14,60,68
14,60,71
14,53,72
14,55,88
14,46,91
14,66,102
14,66,105
14,68,109
14,30,100
14,1,127
14,62,141
14,55,25
14,45,43
14,34,40
14,55,58
14,56,62
14,61,70
14,59,72
14,51,72
14,23,71
14,63,99
14,66,103
14,67,107
14,40,105
14,49,19
14,46,42
14,35,44
14,52,59
14,61,68
14,53,71
14,51,74
14,22,69
14,55,87
14,48,92
14,31,101
14,60,141
14,53,22
14,34,43
14,53,59
14,61,69
14,61,72
14,51,75
14,24,70
14,34,102
14,57,141
14,50,19
14,55,38
14,60,67
14,59,71
14,56,88
14,49,92
14,21,98
14,44,42
14,35,41
14,57,63
14,59,73
14,52,72
14,50,75
14,24,72
14,55,89
14,62,95
14,65,99
14,68,107
14,19,95
14,60,69
14,61,73
14,24,71
14,64,99
14,67,106
14,20,95
14,52,20
14,49,23
14,56,39
14,47,72
14,50,77
14,65,101
14,22,97
14,50,18
14,57,39
14,48,42
14,43,43
14,51,57
14,60,66
14,60,70
14,57,72
14,49,72
14,48,76
14,22,72
14,54,89
14,57,94
14,65,100
14,66,104
14,46,41
14,44,44
14,55,56
14,52,71
14,46,71
14,23,69
14,67,108
14,73,141
14,50,24
14,57,53
14,53,55
14,51,70
14,46,72
14,65,102
14,23,98
14,5,128
14,65,141
14,52,21
14,57,40
14,49,44
14,57,54
14,54,56
14,54,60
14,58,71
14,47,92
14,40,104
14,50,141
13,52,20
13,51,25
13,57,40
13,52,45
13,58,54
13,53,55
13,59,67
13,60,71
13,45,71
13,49,77
13,23,69
13,48,92
13,66,102
13,66,105
13,43,101
13,0,128
13,61,141
13,53,22
13,56,40
13,52,46
13,57,54
13,53,56
13,59,68
13,59,72
13,50,70
13,51,75
13,24,70
13,55,88
13,47,92
13,67,106
13,40,100
13,40,104
13,55,141
13,52,47
13,55,53
13,56,58
13,57,63
13,60,69
13,22,62
13,21,70
13,54,88
13,59,94
13,64,99
13,65,103
13,52,49
13,54,54
13,54,58
13,61,67
13,60,70
13,22,58
13,46,74
13,53,88
13,61,95
13,63,99
13,67,107
13,23,97
13,36,104
13,52,48
13,62,70
13,23,58
13,48,74
13,39,104
13,55,54
13,53,57
13,62,67
13,61,70
13,47,74
13,53,89
13,60,95
13,62,99
13,21,96
13,54,49
13,58,55
13,58,64
13,57,71
13,48,70
13,23,61
13,20,69
13,59,93
13,45,92
13,65,102
13,56,24
13,56,39
13,58,50
13,57,53
13,54,56
13,54,64
13,49,70
13,46,72
13,25,70
13,18,76
13,42,101
13,38,103
13,56,141
13,55,50
13,57,55
13,47,70
13,48,75
13,52,88
13,65,100
13,66,104
13,68,107
13,24,97
13,54,55
13,27,43
13,61,71
13,47,68
13,53,75
13,61,97
13,65,101
13,44,101
13,66,141
13,61,64
13,50,62
13,59,71
13,47,69
13,52,75
13,21,77
13,54,141
13,55,23
13,55,39
13,59,50
13,28,44
13,52,63
13,54,76
13,27,75
13,25,79
13,63,97
13,64,101
13,67,105
13,37,102
13,67,141
13,52,19
13,57,52
13,55,55
13,52,57
13,59,65
13,49,72
13,51,76
13,56,93
13,64,100
13,47,101
13,19,96
13,59,51
13,60,64
13,50,74
13,22,69
13,56,88
13,22,78
13,62,97
13,42,104
13,57,141
12,59,52
12,55,54
12,54,58
12,63,67
12,24,49
12,22,57
12,52,77
12,52,88
12,59,94
12,65,100
12,65,103
12,46,100
12,34,104
12,59,53
12,53,58
12,61,67
12,23,49
12,21,57
12,51,77
12,51,88
12,57,94
12,64,100
12,47,101
12,31,99
12,53,37
12,59,51
12,58,54
12,54,56
12,60,64
12,61,72
12,53,76
12,44,75
12,23,74
12,25,79
12,62,97
12,64,101
12,66,105
12,44,101
12,41,104
12,0,127
12,58,141
12,56,55
12,60,66
12,21,58
12,51,76
12,53,89
12,58,94
12,28,98
12,52,38
12,57,55
12,59,60
12,56,63
12,53,65
12,23,62
12,53,88
12,17,77
12,50,93
12,65,102
12,61,104
12,42,101
12,20,138
12,51,37
12,57,59
12,55,62
12,52,64
12,56,92
12,63,99
12,41,101
12,15,138
12,58,50
12,59,55
12,59,63
12,53,64
12,47,68
12,54,76
12,24,74
12,56,95
12,45,140
12,56,38
12,61,54
12,57,56
12,59,62
12,55,63
12,52,66
12,56,75
12,27,74
12,53,92
12,65,104
12,46,101
12,28,99
12,58,51
12,71,64
12,54,57
12,26,63
12,52,87
12,55,92
12,63,98
12,35,103
12,22,139
11,52,37
11,57,49
11,60,55
11,56,57
11,55,61
11,54,64
11,55,69
11,48,68
11,53,75
11,26,75
11,22,78
11,55,94
11,63,101
11,65,105
11,41,104
11,0,127
11,53,140
11,54,5
11,53,36
11,58,49
11,58,57
11,58,61
11,54,63
11,53,67
11,55,76
11,49,76
11,26,74
11,52,93
11,64,101
11,66,104
11,47,101
11,29,99
11,55,6
11,55,37
11,61,54
11,59,58
11,60,66
11,54,66
11,55,75
11,51,77
11,29,75
11,54,93
11,44,93
11,65,104
11,46,101
11,30,99
11,50,37
11,55,49
11,72,65
11,60,61
11,70,71
11,53,65
11,53,69
11,58,75
11,52,76
11,52,87
11,55,92
11,65,102
11,42,102
11,34,103
11,27,139
11,53,5
11,52,36
11,56,49
11,61,56
11,57,58
11,54,68
11,48,69
11,23,78
11,64,98
11,24,95
11,37,103
11,45,140
11,62,54
11,58,60
11,69,71
11,53,66
11,53,70
11,56,75
11,52,77
11,59,95
11,65,103
11,48,101
11,28,98
11,26,102
11,57,48
11,62,55
11,56,60
11,55,64
11,53,71
11,50,77
11,27,75
11,23,77
11,53,93
11,45,101
11,38,102
11,57,141
11,47,36
11,60,54
11,71,65
11,55,59
11,67,70
11,54,71
11,50,76
11,55,93
11,28,99
11,23,101
11,49,36
11,45,43
11,57,55
11,62,62
11,69,70
11,54,69
11,56,74
11,50,75
11,51,87
11,53,91
11,58,96
11,64,102
11,40,101
11,27,101
11,53,37
11,62,56
11,66,63
11,35,101
11,69,64
11,57,94
11,24,101
11,50,36
11,49,44
11,59,56
11,72,68
11,54,60
11,54,65
11,55,73
11,53,76
11,47,77
11,53,87
11,23,79
11,54,94
11,25,96
11,35,103
11,48,140
11,41,41
11,74,67
11,54,70
11,55,78
11,61,95
11,49,101
10,51,36
10,55,48
10,63,58
10,72,68
10,55,61
10,54,64
10,54,68
10,55,73
10,54,76
10,53,87
10,22,78
10,51,94
10,63,101
10,65,105
10,25,96
10,38,139
10,48,35
10,45,42
10,56,54
10,56,59
10,71,71
10,54,65
10,54,70
10,56,74
10,54,77
10,48,78
10,61,98
10,65,103
10,52,102
10,43,102
10,28,102
10,54,58
10,72,72
10,55,74
10,54,81
10,66,103
10,49,101
10,25,97
10,47,35
10,44,43
10,56,55
10,55,59
10,70,72
10,54,66
10,55,75
10,54,78
10,59,94
10,51,102
10,40,102
10,57,49
10,65,59
10,73,68
10,64,66
10,53,64
10,54,72
10,55,76
10,54,80
10,53,83
10,21,77
10,40,92
10,66,105
10,27,96
10,35,102
10,23,102
10,57,140
10,49,35
10,49,44
10,61,57
10,55,69
10,55,80
10,51,86
10,46,88
10,51,93
10,63,104
10,44,102
10,34,102
10,49,140
10,45,43
10,55,58
10,70,71
10,54,69
10,55,78
10,57,93
10,68,104
10,50,101
10,30,98
10,49,34
10,53,68
10,55,77
10,52,83
10,20,77
10,38,92
10,41,100
10,33,102
10,42,139
10,55,47
10,64,58
10,74,68
10,63,65
10,54,63
10,53,67
10,55,79
10,54,83
10,52,86
10,24,78
10,45,94
10,65,104
10,28,96
10,36,102
10,24,102
10,54,48
10,60,57
10,73,69
10,58,63
10,53,65
10,62,98
10,42,102
10,55,42
10,57,48
10,54,50
10,55,56
10,63,64
10,53,66
10,54,71
10,54,82
10,48,87
10,59,95
10,49,95
10,53,100
10,46,101
10,27,103
10,55,46
10,58,52
10,55,55
10,70,68
10,61,66
10,55,82
10,50,87
10,56,100
10,33,104
10,56,45
10,59,56
10,57,63
10,55,81
10,63,98
10,31,102
10,53,42
10,56,49
10,66,60
10,62,65
10,52,82
10,52,101
10,37,103
9,55,46
9,56,51
9,55,54
9,55,63
9,52,65
9,54,70
9,55,75
9,55,78
9,55,82
9,49,87
9,59,94
9,61,98
9,57,101
9,49,101
9,40,102
9,32,103
9,56,44
9,56,48
9,67,60
9,73,68
9,62,65
9,54,64
9,52,67
9,55,73
9,55,76
9,54,80
9,52,83
9,46,88
9,58,96
9,52,100
9,43,101
9,35,102
9,54,42
9,74,68
9,62,64
9,55,64
9,55,68
9,54,72
9,55,80
9,53,83
9,50,85
9,48,87
9,60,96
9,53,100
9,45,101
9,17,101
9,60,47
9,56,49
9,65,60
9,60,64
9,54,68
9,54,77
9,51,86
9,57,96
9,51,101
9,31,102
9,57,46
9,58,51
9,61,57
9,74,69
9,59,64
9,53,65
9,54,81
9,50,86
9,45,88
9,27,100
9,55,74
9,54,78
9,54,82
9,62,99
9,33,103
9,49,68
9,48,86
9,42,102
9,31,103
9,68,61
9,73,67
9,64,66
9,56,65
9,54,76
9,47,88
9,55,94
9,59,99
9,45,102
9,37,102
9,22,102
9,4,128
9,57,48
9,68,60
9,72,67
9,54,63
9,48,88
9,53,94
9,53,101
9,36,103
9,21,102
9,55,49
9,57,55
9,74,70
9,60,65
9,55,66
9,54,73
9,55,81
9,45,89
9,60,98
9,52,102
9,41,101
9,56,50
9,56,55
9,73,69
9,64,68
9,54,66
9,49,67
9,54,74
9,61,99
9,51,102
9,56,47
9,70,60
9,74,67
9,59,65
9,53,66
9,48,67
9,53,74
9,53,85
9,57,94
9,48,101
9,34,104
9,56,46
9,71,61
9,55,85
8,58,47
8,71,60
8,54,54
8,71,68
8,63,67
8,54,66
8,49,67
8,54,74
8,55,78
8,54,82
8,49,86
8,46,89
8,60,98
8,26,89
8,52,102
8,32,103
8,58,48
8,70,61
8,72,66
8,57,64
8,53,67
8,49,68
8,55,79
8,50,84
8,48,87
8,59,95
8,60,99
8,46,101
8,40,103
8,30,103
8,54,34
8,73,61
8,67,61
8,71,67
8,72,72
8,51,67
8,54,73
8,43,71
8,54,80
8,47,89
8,52,94
8,53,102
8,42,101
8,35,103
8,74,60
8,55,56
8,50,69
8,53,75
8,57,80
8,53,83
8,50,85
8,48,88
8,55,94
8,55,101
8,45,101
8,40,104
8,22,102
8,1,127
8,55,40
8,72,61
8,74,66
8,74,70
8,68,70
8,55,66
8,50,68
8,48,74
8,54,81
8,52,84
8,49,87
8,45,89
8,58,97
8,23,89
8,75,60
8,55,55
8,53,66
8,53,74
8,53,86
8,57,95
8,54,100
8,41,103
8,29,104
8,60,38
8,74,61
8,69,62
8,72,67
8,74,72
8,53,68
8,54,72
8,47,72
8,50,86
8,56,95
8,54,101
8,39,100
8,39,103
8,26,104
8,75,61
8,52,67
8,48,68
8,27,75
8,56,98
8,29,103
8,60,37
8,53,82
8,28,75
8,58,98
8,55,100
8,26,103
7,60,38
7,74,61
7,70,62
7,64,63
7,72,72
7,53,68
7,54,73
7,47,73
7,52,83
7,50,86
7,47,88
7,55,95
7,54,101
7,39,100
7,38,103
7,18,102
7,59,36
7,54,42
7,55,56
7,64,65
7,54,68
7,49,69
7,53,82
7,27,75
7,48,88
7,55,94
7,59,99
7,55,101
7,41,100
7,40,103
7,26,103
7,69,62
7,72,68
7,73,72
7,54,72
7,53,83
7,51,86
7,38,99
7,41,104
7,23,103
7,58,38
7,60,44
7,72,61
7,72,65
7,56,59
7,53,69
7,52,72
7,47,74
7,49,79
7,49,83
7,49,86
7,46,89
7,54,95
7,25,89
7,52,102
7,34,103
7,59,38
7,73,61
7,72,64
7,62,61
7,72,71
7,53,72
7,51,83
7,47,89
7,54,102
7,43,102
7,13,96
7,60,45
7,71,61
7,71,65
7,53,58
7,53,66
7,52,69
7,55,82
7,32,76
7,49,87
7,45,89
7,57,97
7,49,101
7,32,103
7,74,70
7,71,71
7,12,46
7,48,74
7,50,79
7,49,82
7,53,95
7,42,102
7,30,102
7,71,0
7,60,47
7,71,66
7,73,71
7,53,80
7,52,86
7,25,83
7,61,100
7,55,102
7,43,101
7,25,103
7,51,140
7,62,46
7,71,68
7,55,67
7,49,67
7,49,71
7,45,73
7,47,82
7,55,96
7,71,63
7,73,69
7,68,69
7,15,48
7,60,101
7,31,102
7,25,104
7,69,58
7,59,56
7,63,67
7,16,49
7,51,72
7,46,73
7,24,104
7,60,53
7,73,66
7,72,69
7,61,66
7,54,66
7,47,66
7,50,72
7,43,72
7,56,82
7,56,96
7,41,102
7,61,0
7,57,44
7,60,54
7,72,66
7,71,69
7,51,69
7,49,72
7,54,82
7,29,75
7,58,98
7,57,101
7,49,102
7,30,103
6,70,59
6,73,68
6,68,69
6,51,70
6,52,83
6,28,76
6,47,88
6,25,83
6,60,100
6,57,102
6,40,100
6,39,104
6,20,102
6,62,1
6,52,41
6,59,54
6,72,66
6,72,70
6,61,67
6,49,68
6,49,73
6,53,82
6,28,75
6,48,87
6,37,87
6,58,99
6,57,101
6,10,94
6,28,103
6,60,52
6,59,56
6,72,68
6,64,67
6,16,48
6,51,72
6,47,74
6,49,86
6,47,89
6,37,89
6,61,101
6,56,103
6,41,101
6,32,102
6,60,53
6,58,56
6,54,58
6,62,66
6,55,67
6,48,67
6,54,81
6,30,75
6,49,87
6,57,97
6,60,102
6,54,103
6,30,103
6,71,0
6,61,51
6,58,54
6,59,59
6,72,71
6,60,67
6,53,83
6,26,75
6,37,88
6,43,101
6,17,101
6,72,0
6,59,58
6,27,75
6,48,88
6,38,87
6,59,99
6,11,95
6,22,102
6,2,127
6,59,53
6,61,66
6,55,82
6,30,74
6,60,101
6,55,103
6,11,93
6,31,102
6,59,51
6,61,56
6,64,63
6,53,60
6,60,68
6,14,46
6,49,69
6,50,74
6,52,82
6,43,86
6,38,88
6,42,101
6,9,94
6,18,101
6,3,127
6,63,0
6,31,18
6,58,51
6,68,66
6,57,64
6,59,68
6,17,49
6,45,69
6,48,74
6,50,87
6,32,99
6,35,103
6,65,53
6,67,62
6,62,67
6,54,67
6,47,67
6,46,70
6,45,74
6,54,82
6,31,75
6,47,86
6,40,87
6,58,98
6,61,102
6,8,92
6,31,103
6,63,53
6,60,55
6,53,59
6,44,86
6,58,102
6,62,0
6,64,52
6,60,54
6,66,62
6,45,70
6,46,75
6,29,75
6,46,86
6,39,87
6,53,103
6,30,100
6,61,53
6,69,67
6,59,65
6,57,67
6,16,49
6,48,75
6,59,98
6,59,101
6,33,100
6,29,102
6,60,56
6,58,59
6,57,63
6,46,69
6,49,74
6,59,100
6,57,103
6,31,98
6,37,104
6,66,52
6,49,75
6,35,89
6,31,99
6,33,103
6,70,67
6,63,66
6,36,88
6,58,100
6,28,97
6,38,104
6,64,2
6,65,52
6,59,52
6,59,57
6,45,89
6,60,98
6,33,99
6,34,104
6,64,53
6,61,55
6,52,62
6,49,72
6,47,76
6,43,85
6,57,98
6,59,102
6,31,100
6,20,101
6,51,61
6,48,69
6,48,72
6,48,76
6,42,85
6,12,99
6,39,47
6,52,60
6,46,77
6,33,98
6,47,30
6,68,63
6,69,68
6,54,63
6,44,85
6,56,98
6,32,100
6,29,103
6,68,54
6,37,46
6,61,69
6,18,49
6,47,77
6,34,99
6,46,6
6,60,57
6,59,60
6,54,61
6,50,71
6,47,85
6,39,105
6,43,23
6,68,68
6,51,62
6,54,71
6,46,71
6,55,98
6,54,104
6,32,101
6,44,6
6,67,63
6,70,68
6,53,63
6,47,71
6,49,77
6,18,100
6,64,29
6,41,22
6,57,57
6,53,71
6,30,76
6,55,97
6,53,104
6,31,101
6,1,127
6,40,21
6,58,58
6,70,69
6,52,104
6,13,99
5,65,53
5,66,62
5,70,69
5,60,66
5,50,65
5,55,72
5,51,77
5,53,82
5,29,75
5,38,87
5,56,98
5,60,102
5,32,100
5,11,98
5,64,30
5,62,60
5,59,66
5,54,71
5,52,81
5,32,76
5,56,97
5,14,99
5,66,52
5,63,54
5,62,57
5,59,60
5,67,68
5,51,63
5,21,50
5,52,72
5,45,72
5,46,76
5,45,80
5,41,82
5,36,88
5,59,100
5,58,103
5,52,104
5,39,104
5,56,12
5,73,62
5,73,66
5,70,68
5,63,68
5,57,68
5,47,71
5,43,81
5,42,84
5,30,83
5,35,89
5,59,101
5,55,103
5,33,99
5,38,105
5,57,51
5,71,68
5,63,67
5,48,71
5,44,81
5,43,84
5,33,100
5,39,105
5,50,9
5,61,53
5,67,65
5,65,68
5,50,63
5,51,72
5,44,84
5,33,87
5,58,100
5,57,103
5,36,100
5,52,10
5,56,24
5,66,51
5,64,54
5,68,65
5,53,63
5,52,71
5,48,81
5,43,82
5,33,82
5,35,87
5,61,100
5,34,102
5,54,11
5,58,25
5,67,51
5,68,68
5,55,65
5,14,46
5,49,77
5,37,84
5,36,87
5,54,97
5,59,102
5,53,104
5,30,101
5,71,0
5,53,10
5,70,66
5,47,76
5,29,100
5,46,5
5,63,31
5,71,67
5,52,64
5,60,100
5,51,104
5,35,103
5,64,31
5,68,51
5,60,59
5,69,68
5,61,67
5,52,66
5,32,88
5,51,103
5,29,99
5,69,52
5,71,61
5,70,65
5,62,67
5,55,67
5,55,71
5,32,89
5,52,103
5,35,105
5,62,31
5,65,52
5,62,62
5,52,65
5,50,72
5,31,74
5,34,84
5,35,88
5,58,101
5,54,102
5,40,105
5,64,63
5,64,67
5,50,71
5,33,75
5,35,84
5,53,102
4,71,0
4,64,31
4,66,52
4,61,52
4,69,66
4,66,68
4,52,64
4,51,71
4,36,84
4,59,100
4,56,103
4,51,104
4,37,104
4,52,25
4,59,45
4,65,53
4,73,63
4,70,65
4,69,68
4,53,66
4,50,69
4,37,87
4,52,96
4,59,102
4,52,103
4,29,100
4,65,2
4,60,30
4,65,52
4,73,66
4,70,68
4,63,67
4,52,65
4,50,72
4,35,77
4,35,85
4,55,96
4,58,101
4,47,100
4,36,101
4,39,105
4,52,24
4,61,46
4,72,62
4,71,65
4,69,67
4,52,66
4,51,69
4,43,81
4,35,86
4,53,96
4,49,101
4,30,99
4,37,105
4,57,24
4,67,51
4,64,53
4,71,62
4,71,66
4,68,68
4,52,67
4,51,70
4,54,97
4,60,103
4,49,22
4,72,66
4,52,70
4,47,71
4,38,78
4,54,96
4,59,101
4,46,100
4,31,99
4,38,105
4,50,23
4,65,49
4,74,64
4,53,67
4,36,87
4,31,88
4,51,103
4,19,97
4,65,0
4,36,9
4,33,12
4,68,66
4,64,67
4,54,65
4,53,69
4,52,72
4,28,81
4,32,87
4,47,99
4,51,105
4,41,105
4,67,2
4,37,9
4,34,13
4,61,69
4,52,68
4,30,82
4,33,87
4,28,89
4,52,105
4,67,1
4,75,31
4,36,13
4,66,51
4,63,53
4,72,63
4,68,64
4,67,67
4,51,66
4,52,71
4,49,77
4,33,82
4,57,102
4,12,95
4,2,127
4,35,13
4,67,52
4,62,53
4,71,63
4,65,67
4,64,70
4,51,67
4,47,77
4,30,90
4,52,104
4,11,95
4,33,8
4,60,44
4,24,29
4,70,67
4,59,69
4,54,70
4,53,77
4,29,74
4,29,83
4,43,99
4,40,105
4,34,11
4,65,54
4,68,65
4,62,68
4,53,71
4,50,77
4,33,86
4,33,9
4,64,48
4,63,68
4,57,69
4,54,71
4,51,77
4,33,85
3,31,7
3,60,45
3,64,52
3,71,65
3,63,68
3,59,69
3,54,71
3,52,77
3,43,81
3,34,85
3,59,102
3,52,103
3,36,12
3,67,51
3,63,53
3,67,63
3,62,68
3,52,67
3,53,71
3,51,78
3,32,73
3,33,85
3,51,103
3,12,95
3,71,0
3,65,32
3,35,13
3,66,51
3,73,64
3,67,68
3,61,68
3,52,71
3,50,78
3,30,73
3,32,82
3,30,89
3,51,104
3,35,15
3,66,52
3,34,35
3,70,67
3,64,67
3,60,69
3,54,70
3,51,72
3,47,77
3,30,74
3,29,81
3,28,89
3,25,92
3,52,105
3,38,104
3,35,14
3,70,63
3,61,69
3,54,69
3,48,78
3,32,74
3,27,81
3,29,90
3,66,32
3,35,12
3,54,67
3,30,72
3,30,80
3,32,85
3,60,103
3,67,33
3,62,52
3,62,69
3,33,82
3,32,90
3,63,32
3,34,13
3,72,64
3,28,73
3,33,84
3,59,101
3,40,98
3,52,106
3,39,105
3,64,3
3,34,11
3,61,51
3,57,69
3,50,77
3,44,82
3,31,85
3,3,128
3,66,3
3,38,17
3,58,48
3,20,26
3,72,66
3,64,68
3,53,70
3,47,71
3,48,83
3,60,102
3,37,98
3,53,106
2,68,5
2,63,32
2,35,14
2,59,47
2,72,65
2,69,66
2,64,67
2,60,69
2,54,70
2,51,72
2,45,77
2,28,73
2,33,84
2,26,89
2,24,92
2,52,105
2,37,104
2,34,10
2,67,51
2,62,52
2,62,68
2,58,70
2,53,71
2,51,77
2,45,82
2,32,85
2,60,102
2,51,103
2,65,32
2,35,12
2,64,50
2,56,49
2,62,69
2,57,70
2,52,71
2,50,78
2,33,82
2,50,103
2,62,31
2,58,47
2,32,34
2,73,65
2,68,66
2,63,67
2,54,69
2,49,71
2,34,84
2,27,89
2,23,92
2,51,105
2,38,104
2,66,4
2,35,15
2,58,48
2,28,32
2,65,69
2,59,69
2,51,73
2,48,83
2,26,90
2,39,98
2,52,106
2,38,105
2,65,4
2,32,8
2,68,51
2,61,50
2,74,63
2,70,65
2,59,70
2,53,70
2,52,78
2,45,83
2,29,84
2,60,103
2,54,107
2,65,33
2,35,13
2,61,69
2,53,69
2,50,71
2,48,78
2,42,83
2,35,84
2,28,89
2,64,2
2,34,15
2,59,49
2,71,65
2,63,68
2,46,82
2,31,84
2,61,102
2,59,48
2,64,68
2,25,90
2,37,97
2,39,105
2,62,3
2,33,10
2,61,47
2,58,49
2,73,64
2,69,65
2,67,67
2,51,78
2,44,82
2,20,80
2,58,102
2,53,107
2,34,14
2,54,49
2,41,83
2,39,104
2,73,30
2,63,31
2,55,49
2,74,65
2,68,65
2,65,67
2,52,68
2,51,71
2,49,77
2,43,83
2,34,83
2,27,88
2,51,104
2,37,103
2,48,140
2,52,69
2,57,1
2,31,7
2,64,52
2,30,83
2,36,97
1,33,11
1,60,47
1,57,49
1,75,65
1,70,66
1,65,67
1,54,68
1,51,71
1,50,78
1,43,83
1,34,83
1,17,80
1,52,104
1,38,103
1,56,0
1,32,7
1,35,15
1,65,53
1,72,65
1,60,69
1,51,69
1,24,81
1,60,102
1,36,97
1,52,106
1,55,69
1,20,81
1,72,30
1,33,12
1,56,50
1,73,65
1,69,66
1,51,68
1,49,70
1,47,77
1,42,83
1,33,83
1,25,92
1,38,104
1,32,9
1,61,47
1,66,67
1,56,69
1,52,71
1,51,78
1,44,83
1,34,82
1,18,81
1,41,104
1,52,79
1,45,83
1,35,83
1,34,13
1,74,65
1,52,68
1,47,69
1,48,77
1,27,93
1,35,17
1,63,48
1,59,49
1,70,65
1,67,67
1,58,70
1,48,68
1,55,79
1,45,82
1,36,82
1,21,80
1,27,91
1,54,107
1,38,1
1,35,16
1,60,50
1,71,65
1,68,67
1,59,70
1,49,68
1,47,83
1,22,80
1,62,103
1,37,98
1,35,101
0,73,33
0,32,9
0,36,18
0,63,48
0,57,48
0,70,65
0,66,67
0,58,70
0,49,68
0,56,80
0,45,82
0,35,82
0,22,81
0,27,91
0,36,102
0,37,0
0,35,16
0,64,52
0,72,65
0,63,68
0,61,70
0,51,68
0,48,83
0,30,91
0,24,93
0,42,102
0,40,0
0,35,14
0,56,50
0,73,65
0,64,67
0,53,69
0,49,79
0,41,83
0,33,83
0,26,93
0,33,10
0,33,15
0,61,47
0,57,49
0,56,69
0,48,68
0,53,79
0,45,83
0,34,82
0,31,85
0,54,104
0,53,108
0,1,127
0,72,66
0,67,67
0,58,69
0,50,69
0,32,85
0,25,90
0,38,102
0,39,0
0,55,50
0,63,67
0,55,78
0,48,82
0,33,84
0,25,93
0,40,102
0,33,8
0,35,15
0,70,64
0,68,67
0,60,70
0,51,69
0,46,82
0,37,82
0,32,84
0,26,90
0,35,97
0,39,102
0,71,29
0,56,78
0,50,79
0,49,82
0,42,83
0,25,92
0,72,33
0,33,9
0,35,17
0,62,47
0,58,49
0,71,66
0,57,69
0,49,69
0,55,80
0,43,82
0,65,49
0,67,66
0,50,77
0,36,82
0,37,102
0,70,22
0,35,13
0,69,65
0,65,67
0,48,69
0,57,78
0,52,79
0,34,83
0,31,86
0,49,103
0,51,107
0,37,17
0,65,53
0,56,51
0,69,63
0,70,67
0,64,68
0,47,82
0,28,95
0,40,19
0,65,52
0,57,51
0,68,66
0,38,82
0,74,35
0,36,14
0,64,54
0,74,65
0,47,69
0,51,79
0,43,83
0,28,85
